id,stage,criterion,status,what_happens,source,plain,printed,if_blank,notes,
01,intake,order pool,LOCKED,Fetch all ShipStation awaiting_shipment. No supervisor CSV/file.,ShipStation API,n/a,n/a,n/a,CSV export has no tags so file intake is off.,
02,intake,skip post-order-designs,LOCKED,Drop orders with tag post-order-designs before grouping.,ShipStation tag,n/a,n/a,n/a,,
03,intake,resend,LOCKED,Tag 1014-ALL-RESEND on the order -> one file named resend. Whole order. Wins even if ship-by is blank. Tags 1015 / 1016 / 1017 are NOT resend.,ShipStation tag 1014-ALL-RESEND only,n/a,n/a,no tag = not resend,,
04,intake,blank ship-by,LOCKED,Blank shipByDate -> unmatched. Not treated as today.,ShipStation shipByDate,n/a,n/a,unmatched,,
05,intake,today / overdue,LOCKED,shipByDate <= run date fills each shift cap FIRST. Filename first slot is the word today.,ShipStation shipByDate,n/a,n/a,see blank row,,
06,intake,future ship-by fills leftover cap,LOCKED,If today/overdue lines are under the shift cap add future shipByDate orders until the cap is full. After all three caps are full leftover future waits for a later run. Future is never unmatched just because it is future. Filename first slot for those future-fill orders is the actual YYYY-MM-DD.,ShipStation shipByDate,n/a,n/a,n/a,,
07,intake,future fill order,ASSUMPTION,Sort future by soonest shipByDate first. Keep whole orders together. Walk in that order; if the next order would exceed remaining cap leave it for the next shift (do not skip around to a smaller order).,,n/a,n/a,n/a,Edit this row if CEO wants overfill or pick-smaller-orders instead.,
08,intake,shift cap,LOCKED,One run fills all three Packing Input folders: 1st Shift=300 2nd Shift=100 3rd Shift=100 LINES not orders. Ignore existing ShipStation shift tags. Shift is the folder AND a filename slot (1st / 2nd / 3rd after today or YYYY-MM-DD). resend and unmatched have no shift slot.,configuration,1,1,n/a,Folder names: Input/{DD-MM-YYYY}/1st Shift/ (and 2nd Shift / 3rd Shift).,
09,gate,finish plain vs printed,LOCKED,1) Item SKU contains plain or plainlg -> plain. 2) else CL Custom Label matches after first dash -> printed. 3) else Plain Database SKU matches till last dash (or whole SKU) -> plain. 4) else Packs Channel Child SKU matches whole SKU -> plain. 5) else unmatched.,SKU text + CL + Plain Database + Packs,1 (new file),1 (new file),whole order unmatched,,
10,gate,mixed plain+printed,LOCKED,If one customer order has both finishes the whole order goes printed. Never two files.,same order,n/a,printed-wins,n/a,,
11,gate,DTF-transfer / PER,LOCKED,These do not match Plain Database or Packs. Unless SKU has plain/plainlg they fall through to unmatched.,finish gate,n/a,n/a,unmatched,,
12,gate,SET / packs,LOCKED,SET* whole-SKU hit on Packs Channel Child SKU -> plain.,Packs Database,plain,n/a,if no DB hit at all -> unmatched,,
13,gate,plain cannot be in-house,LOCKED,In House Manufacture = iron-on or sticker made in the warehouse (SKU or Gender Apparel contains iron on / ironon / iron-on / sticker). Plain + in-house -> unmatched. Printed can be in-house. Fill never writes In House Manufacture on Plain/Packs.,Supply Method on CL + Plain + Packs,1,1,unmatched when this split is on,,
14,split,order-source,LOCKED,Flag 1. Unlisted store -> own. Amazon is not its own channel. MAS Clothing store -> filename slot fawad. Graph daataa-direct is an example not a live peel until listed.,ShipStation store + config peel-off list,1,1,store is always known,,
15,split,design-grouping,LOCKED,Off in v1. When later on: slot group-01 from that scenario Design ID / logo list.,configuration,x,0,n/a,Printed Graph flag is 0 (off now same as x at run time).,
16,split,shipping-service (prime),LOCKED,Tag Amazon Prime Order -> prime. No tag -> non-prime. Do not use CL Amazon Prime (that is PO/inventory).,ShipStation tag Amazon Prime Order,1,1,no tag = non-prime,,
17,split,printing-method,LOCKED,Printed only. Split on CL Printing Type. Locked 2026-09-09: DTF default; Sublimation = mugs. Mock M## Printing-Type if DTF/Sublimation; else mug -> Sublimation; else DTF.,CL Printing Type,x,1,unmatched,Do not fill Design Type.,
18,split,customised,LOCKED,Printed only. Customise=Yes -> customised. Any other printed (including blank Customise) -> readymade.,CL Customise,x,1,blank = readymade not unmatched,,
19,split,customisation-type,LOCKED,Off. Name slot x. CL column Customisation Type exists and is empty.,CL Customisation Type,x,x,n/a,Fill values only when the flag turns on.,
20,split,print-size,LOCKED,Off in v1. Do not split.,CL Print Size 1,x,0,does not send to unmatched,,
21,split,print-position,LOCKED,Off in v1. Do not split.,CL Print Positions,x,0,does not send to unmatched,,
22,split,supply-method,LOCKED,Flag 1 on plain and printed. Locked values 2026-09-09: Warehouse Stock = FOTL men/women/kids t-shirts only; In House Manufacture = SKU or Gender Apparel contains iron on / ironon / iron-on / sticker (printed only); Supplier On Demand = Gildan t-shirts and everything else. Do not reuse CL Warehouse Stock column.,Supply Method (ADD then fill on all 3),1,1,unmatched,,
23,split,supplier,LOCKED,Plain: split. Printed warehouse-stock: x. Printed supplier-on-demand: split. Canonical cells: BTC Activewear / Uneek Clothing / Absolute Apparels. Absolute = babysuits C800T/C8020T/C8030T only. Filled 2026-09-09.,Supplier Name on CL + Plain + Packs,1,x on warehouse-stock; 1 on on-demand,unmatched when the split is on,,
24,split,package-type,LOCKED,Off in v1 both (flag 0). Still print on packing PDF. Blank does not unmatched.,CL Package Type,0,0,ok blank,CEO Graph shows 1 on plain parcel; supervisor locked 0 for both.,
25,30-chain,category,LOCKED,If that bucket has >=30 units -> new process file. Reads Category (Areeb) on all three catalogs.,Category (Areeb),30,30,unmatched,Filled 2026-09-08. Not PE Category.,
26,30-chain,product-type,LOCKED,>=30 units -> new process file. Reads Product Type (Areeb).,Product Type (Areeb),30,30,unmatched,Filled 2026-09-08.,
27,30-chain,product-style,LOCKED,>=30 units -> new process file. Reads Product Style (Areeb). Not CL Brand. Packs not HTML Description.,Product Style (Areeb),30,30,unmatched,Filled 2026-09-08.,
28,30-chain,department,LOCKED,Plain: 30. Printed: always split (flag 1) even under 30. Reads Department (Areeb). CL = gender only (Mens/Womens/Kids/Unisex/General). Do not overwrite PE Department.,Department (Areeb),30,1,unmatched,Filled 2026-09-08.,
29,30-chain,brand,LOCKED,Plain: 30. Printed: 0 (off for now). CL Brand / Plain Brand / Packs Brand Name.,CL Brand / Plain Brand / Packs Brand Name,30,0,unmatched when split is on,,
30,30-chain,size,LOCKED,Plain: 30. Printed: 1. CL Size / Plain Size / Packs Pack Size.,CL Size / Plain Size / Packs Pack Size,30,1,unmatched,,
31,30-chain,colour (new file),LOCKED,>=30 units of that colour -> new process file. CL Colour / Plain Colour. Packs colour is later (do not split or unmatched on Item 1-10 Colour).,CL Colour / Plain Colour,30,30,unmatched (not packs),Packs still split on Areeb + Brand Name + Pack Size.,
32,30-chain,undrawn Graph tail,LOCKED,If a Graph branch is not written all the way to colour that is shorthand. Same tail still applies. Missing cells do not mean stop splitting. Packs stop before colour.,Graph,same chain,same chain,n/a,,
33,inside-file,colour 3+ process number,LOCKED,>=3 units of that colour -> own -N inside the same process file. Count is qty not order count. Does not split a customer order across files. Packs skip this step.,CL Colour / Plain Colour,inside file,inside file,n/a if colour already required above,CEO note said orders; supervisor locked qty.,
34,inside-file,parts,LOCKED,50 units per part inside the same process (same 50 as Packing PDF parts: one page per unit). Process numbers -N not new files. Replaces CEO Graph 0-30 / 31-60 / 61-90.,Packing PDF threshold 50,inside file,inside file,n/a,,
35,inside-file,colour then parts order,LOCKED,Colour 3+ groups first then 50-unit parts inside each colour group. Same customer order stays on one -N so a part split must not break an order across parts. Packs skip colour groups (parts only).,,inside file,inside file,n/a,,
36,naming,process filename,LOCKED,Hyphens between slots. Spaces -> underscores. Flag x or 0 -> slot is x. First slots: today (run date or overdue) or YYYY-MM-DD (future-fill) then 1st/2nd/3rd. 30-chain value only appears in the name when that level actually splits. Special files: resend and unmatched (no slots).,Graph flags,see flags,see flags,n/a,Example: today-1st-plain-own-…,
37,output,one CSV per process,LOCKED,Order Grouping Sorter writes one CSV per process into Packing Input/{DD-MM-YYYY}/{1st|2nd|3rd} Shift/. Packing uses the filename as the process name. Old 100APCDX codes go away after an accepted dry-run. First milestone: dry-run counts + names; no Input write until run.,sorter -> Packing Input,n/a,n/a,n/a,CSV columns = Packing current-view (Order # Ship By Quantity Item SKU ...).,
38,rule,never guess,LOCKED,A required field is used only when definite. Else whole order -> unmatched. Floor processes unmatched this run then we tighten catalog/logic.,any required field,n/a,n/a,unmatched,,
39,rule,SKU match keys,LOCKED,CL = after first dash (77989LG-M-T-BLK-M -> M-T-BLK-M). Plain Database = till last dash (1243-1 -> 1243). Packs = whole SKU. Entire-cell casefold. No numeric stripping.,three databases,n/a,n/a,n/a,,
40,rule,catalog attribute source,LOCKED,When a line needs catalog fields: Packs whole-SKU hit first else CL else Plain Database. Grouping reads Plain Database and Packs; it does not overwrite them.,Packs then CL then Plain Database,n/a,n/a,unmatched if none hit when the field is required,,
41,display,blank product image,DISPLAY ONLY,Print on packing PDF. Not a process split.,database,n/a,n/a,ok blank,Grouping Data Usage=display.,
42,display,print area template image,DISPLAY ONLY,Print on packing PDF. Not a process split.,database,n/a,n/a,ok blank,,
43,display,product description,DISPLAY ONLY,Print on packing PDF. Not a process split.,database,n/a,n/a,ok blank,,
44,display,order number / item sku / customer name / notes,DISPLAY ONLY,Print on packing PDF from ShipStation. Not a process split.,ShipStation,n/a,n/a,n/a,,
45,display,weight / dimensions / packaging type / packaging image,DISPLAY ONLY,Print on packing PDF. Not a process split.,database,n/a,n/a,ok blank,,
46,not-a-split,CL Amazon Prime,NOT USED FOR GROUPING,Product-level catalog field for PO/inventory. Grouping uses ShipStation tag Amazon Prime Order instead.,CL Amazon Prime,n/a,n/a,n/a,On Grouping Data sheet without Usage=grouping.,
47,not-a-split,alternative,ON GROUPING DATA - NOT ON GRAPH,Grouping Data lists this as grouping. Graph has no alternative axis. I did not treat it as a process split.,database,n/a,n/a,n/a,Change status to LOCKED and say how to split if CEO wants this.,
48,not-a-split,supplier sku,ON GROUPING DATA - NOT ON GRAPH,Same: listed as grouping on Grouping Data sheet not on Graph. Not a v1 process split.,database,n/a,n/a,n/a,Change if CEO wants this in the process name.,
49,not-a-split,supplier product code,ON GROUPING DATA - NOT ON GRAPH,Same as supplier sku.,database,n/a,n/a,n/a,,
50,not-a-split,vat / marketplace stock policy,NOT USED FOR GROUPING,On Grouping Data with no Usage=grouping. Not a process split.,database,n/a,n/a,n/a,,
