Rank,Logo ID,Orders
1,115881LG,6105
2,115883LG,1510
3,116168LG,924
4,115882LG,604
5,64623LG,533
6,115884LG,208
7,119805LG,193
8,161730LG,138
9,125320LG,131
10,119807LG,123
11,125326LG,73
12,69762LG,65
13,119806LG,53
14,161731LG,41
15,27353LG,36
16,104859LG,30
17,161933LG,23
18,116598LG,22
19,64772LG,21
20,167102LG,20
21,116485LG,18
22,125323LG,17
23,62023LG,16
24,161930LG,15
25,47954LG,14
26,161681LG,13
27,101689LG,12
28,161727LG,12
29,101990LG,11
30,4198LG,11
31,119808LG,10
32,62046LG,10
33,64777LG,10
34,167052LG,8
35,85677LG,8
36,116249LG,6
37,165844LG,6
38,27344LG,6
39,116409LG,5
40,165842LG,5
41,125321LG,4
42,167045LG,4
43,167068LG,4
44,167075LG,4
45,65056LG,4
46,125322LG,3
47,165837LG,3
48,165840LG,3
49,166086LG,3
50,167055LG,3
51,104860LG,2
52,104862LG,2
53,125269LG,2
54,161931LG,2
55,167082LG,2
56,167083LG,2
57,27374LG,2
58,62050LG,2
59,125325LG,1
60,161677LG,1
61,161680LG,1
62,161926LG,1
63,167028LG,1
64,167031LG,1
65,167035LG,1
66,167161LG,1
67,167163LG,1
68,47962LG,1
69,69723LG,1
